<?xml version="1.0" encoding="UTF-8"?>
<beans xmlns="http://www.springframework.org/schema/beans"
       xmlns:xsi="http://www.w3.org/2001/XMLSchema-instance"
       xmlns:context="http://www.springframework.org/schema/context" xmlns:tx="http://www.springframework.org/schema/tx"
       xsi:schemaLocation="http://www.springframework.org/schema/beans http://www.springframework.org/schema/beans/spring-beans.xsd http://www.springframework.org/schema/context https://www.springframework.org/schema/context/spring-context.xsd http://www.springframework.org/schema/tx http://www.springframework.org/schema/tx/spring-tx.xsd">

    <!--Spring配置文件，声明Service，Dao，工具类等对象-->

    <!--指定数据库的配置信息位置-->
    <context:property-placeholder location="classpath:conf/jdbc.properties" />
    <!--声明数据源DataSource，连接数据库-->
    <bean id="dataSource" class="com.alibaba.druid.pool.DruidDataSource" init-method="init" destroy-method="close">
        <property name="url" value="${jdbc.url}" />
        <property name="username" value="${jdbc.username}" />
        <property name="password" value="${jdbc.password}" />
    </bean>

    <!--声明SqlSessionFactoryBean-->
    <bean id="sqlSessionFactory" class="org.mybatis.spring.SqlSessionFactoryBean">
        <property name="dataSource" ref="dataSource" />
        <property name="configLocation" value="classpath:conf/mybatis.xml" />
    </bean>

    <!--创建dao对象
        声明mybatis的扫描器，MapperScannerConfigurer
        作用：在内部调用getMapper()生成每个dao接口的代理对象
    -->
    <bean class="org.mybatis.spring.mapper.MapperScannerConfigurer">
        <property name="sqlSessionFactoryBeanName" value="sqlSessionFactory" />
        <property name="basePackage" value="org.mousetailjuice.dao" />
    </bean>

    <!--创建service对象，声明service的注解@Service所在的包名-->
    <context:component-scan base-package="org.mousetailjuice.service" />

    <!--事务的配置：用 注解的配置 或 aspectJ的配置，这里使用注解-->
    <bean id="transactionManager" class="org.springframework.jdbc.datasource.DataSourceTransactionManager">
        <property name="dataSource" ref="dataSource" />
    </bean>
    <tx:annotation-driven transaction-manager="transactionManager" />

</beans>