<?xml version="1.0" encoding="UTF-8"?>
<beans xmlns="http://www.springframework.org/schema/beans"
       xmlns:xsi="http://www.w3.org/2001/XMLSchema-instance"
       xmlns:context="http://www.springframework.org/schema/context"
       xmlns:mvc="http://www.springframework.org/schema/mvc"
       xsi:schemaLocation="http://www.springframework.org/schema/beans http://www.springframework.org/schema/beans/spring-beans.xsd http://www.springframework.org/schema/context https://www.springframework.org/schema/context/spring-context.xsd http://www.springframework.org/schema/mvc https://www.springframework.org/schema/mvc/spring-mvc.xsd">

    <!--SpringMVC的配置文件，声明Controller和其他web相关的对象-->

    <!--组件扫描器-->
    <context:component-scan base-package="org.mousetailjuice.controller" />

    <!--视图解析器-->
    <bean class="org.springframework.web.servlet.view.InternalResourceViewResolver">
        <property name="prefix" value="/WEB-INF/jsp/" />
        <property name="suffix" value=".jsp" />
    </bean>

    <!--mvc注解驱动
        1. 响应ajax请求，返回json
        2. 解决静态资源访问问题
    -->
    <mvc:annotation-driven />

    <!--第一种处理静态资源的方式-->
    <mvc:default-servlet-handler />

    <!-- 上传文件 -->
    <bean id="multipartResolver" class="org.springframework.web.multipart.commons.CommonsMultipartResolver">
        <property name="defaultEncoding" value="utf-8"/>
        <!-- 最大内存大小 -->
        <property name="maxInMemorySize" value="10240"/>
        <!-- 最大文件大小，-1为不限制大小 -->
        <property name="maxUploadSize" value="-1"/>
    </bean>

</beans>