<?xml version="1.0" encoding="UTF-8"?>
<!DOCTYPE configuration
        PUBLIC "-//mybatis.org//DTD Config 3.0//EN"
        "http://mybatis.org/dtd/mybatis-3-config.dtd">
<configuration>
    <!--settings：控制mybatis全局行为-->
    <!--<settings>
        &lt;!&ndash;设置mybatis输出日志&ndash;&gt;
        <setting name="logImpl" value="STDOUT_LOGGING"/>
    </settings>-->
    <settings>
        <setting name="callSettersOnNulls" value="true"/>
    </settings>

    <!--设置别名-->
    <typeAliases>
        <!--name：实体类所在的包名（不是实体类的包名也可以）-->
        <package name="org.mousetailjuice.entity"/>
    </typeAliases>

    <!--关联SQL映射配置文件-->
    <mappers>
        <!--name：mapper文件所在的包名，这个包中所有的mapper.xml能一次性加载
            使用package的要求：
            1. mapper文件名称和Dao接口名必须完全一样，包括大小写
            2. mapper文件和Dao接口必须在同一目录
        -->
        <package name="org.mousetailjuice.dao"/>
    </mappers>

</configuration>