<?xml version="1.0" encoding="utf-8" ?>
<!DOCTYPE mapper PUBLIC "-//mybatis.org//DTD Mapper 3.0//EN" "http://mybatis.org/dtd/mybatis-3-mapper.dtd" >

<mapper namespace="org.mousetailjuice.dao.ManagerDao">
    <!--管理员登录-->
    <select id="selectManager" resultType="org.mousetailjuice.entity.Manager">
        select userid
        from t_manager
        where username = #{username} and password = #{password}
    </select>

    <!--更新管理员的token-->
    <update id="updateToken">
        update t_manager
        set token = #{token}
        where username = #{username}
    </update>

    <!--获取所有用户-->
    <!--TODO: 分页查询-->
    <select id="selectAllUsers" resultType="org.mousetailjuice.entity.User">
        select userid, username, password, phone, createtime, updatetime, status
        from t_user
        order by userid desc
    </select>

    <!--修改用户状态-->
    <update id="updateUserStatus">
        update t_user
        set status = #{status}
        where userid = #{userId}
    </update>

    <!--模糊查询用户-->
    <select id="selectUserLike" resultType="org.mousetailjuice.entity.User">
        select userid, username, password, phone, createtime, updatetime, status
        from t_user
        where username like "%"#{username}"%"
        order by userid desc
    </select>

    <!--获取所有的一级分类信息-->
    <select id="selectFirstCategories" resultType="org.mousetailjuice.entity.Category">
        select cateid, parentid, name, description, createtime, updatetime
        from t_category
        where parentid = 0
        order by cateid desc
    </select>

    <!--根据分类cateId得到该分类的信息-->
    <select id="selectCategoryById" resultType="org.mousetailjuice.entity.Category">
        select cateid, parentid
        from t_category
        where cateid = #{cateId}
    </select>

    <!--删除二级分类-->
    <delete id="deleteSecondCategory">
        delete from t_category
        where cateid = #{cateId}
    </delete>

    <!--删除一级分类-->
    <delete id="deleteFirstCategory">
        delete from t_category
        where cateid = #{cateId} or parentid = #{cateId}
    </delete>

    <!--选择所有商品-->
    <select id="selectAllProducts" resultType="org.mousetailjuice.entity.Product">
        select p.proid, p.cateid, c.name cateName, p.name, p.mainimage, p.detail, p.price, p.stock, p.status, p.createtime, p.updatetime
        from t_product p
        left join t_category c
        on p.cateid = c.cateid
        order by proid
    </select>

    <!--添加分类时检查分类名是否已存在-->
    <select id="insertCheckCategoryName" resultType="org.mousetailjuice.entity.Category">
        select cateid, name
        from t_category
        where name = #{name}
    </select>

    <!--添加分类-->
    <insert id="insertCategory">
        insert into t_category (parentid, name, description) values (#{parentId}, #{name}, #{description})
    </insert>

    <!--根据分类名name得到分类信息-->
    <select id="selectCategoryByName" resultType="org.mousetailjuice.entity.Category">
        select cateid, parentid
        from t_category
        where name = #{name}
    </select>

    <!--修改分类时检查分类名是否已存在-->
    <select id="updateCheckCategoryName" resultType="org.mousetailjuice.entity.Category">
        select name
        from (select name
              from t_category
              where cateid != #{cateId}) t
        where name = #{name}
    </select>

    <!--更新分类信息-->
    <update id="updateCategory">
        update t_category
        set name = #{name}, description = #{description}
        where cateid = #{cateId}
    </update>

    <!--修改商品状态，上下架-->
    <update id="updateProductStatus">
        update t_product
        set status = #{status}
        where proid = #{proId}
    </update>

    <!--删除商品-->
    <delete id="deleteProduct">
        delete from t_product
        where proid = #{proId}
    </delete>

    <!--添加商品-->
    <insert id="insertProduct">
        insert into t_product (cateid, name, mainimage, detail, price, stock, status)
        values (#{cateId}, #{name}, #{mainImage}, #{detail}, #{price}, #{stock}, #{status})
    </insert>

    <!--模糊查询分类-->
    <select id="selectCategoryLike" resultType="org.mousetailjuice.entity.Category">
        select cateid, parentid, name, description, createtime, updatetime
        from t_category
        where name like "%"#{name}"%"
        order by cateid desc
    </select>

    <!--模糊查询商品-->
    <select id="selectProductLike" resultType="org.mousetailjuice.entity.Product">
        select proid, cateid, name, mainimage, detail, price, stock, status, createtime, updatetime
        from t_product
        where name like "%"#{name}"%"
        order by proid desc
    </select>

    <!--根据一级分类的id选择二级分类-->
    <select id="selectSecCategory" resultType="org.mousetailjuice.entity.Category">
        select cateid, parentid, name, description, createtime, updatetime
        from t_category
        where parentid = #{cateId}
        order by cateid
    </select>

</mapper>