<?xml version="1.0" encoding="utf-8" ?>
<!DOCTYPE mapper PUBLIC "-//mybatis.org//DTD Mapper 3.0//EN" "http://mybatis.org/dtd/mybatis-3-mapper.dtd" >

<mapper namespace="org.mousetailjuice.dao.ProductDao">

    <!--选择热卖商品-->
    <select id="selectHotProducts" resultType="java.util.Map">
        select proid proId, cateid cateId, name, mainimage mainImage, price
        from t_product
        where status = 1
        limit 0, 9
    </select>

    <!--根据一级分类的cateId选择属于一级分类的商品-->
    <select id="selectProductByFirCateId" resultType="java.util.Map">
        select t1.proid proId, t1.cateid cateId, t1.name, t1.mainimage mainImage, t1.detail, t1.price
        from t_product t1
        join (select cateid from t_category where parentid = #{cateId}) t2
        on t1.cateid = t2.cateid and t1.status = 1
    </select>

    <!--根据二级分类的cateId选择属于二级分类的商品-->
    <select id="selectProductBySecCateId" parameterType="java.lang.Integer" resultType="java.util.Map">
        select proid proId, cateid cateId, name, mainimage mainImage, detail, price
        from t_product
        where status = 1 and cateid = #{cateId}
    </select>

    <!--根据商品proId选择商品-->
    <select id="selectProductByProId" parameterType="java.lang.Integer" resultType="java.util.Map">
        select proid proId, cateid cateId, name, mainimage mainImage, detail, price, stock
        from t_product
        where proid = #{proId}
    </select>

    <!--检查传来的是一级分类还是二级分类-->
    <select id="checkCateLevel" parameterType="java.lang.Integer" resultType="org.mousetailjuice.entity.Category">
        select parentid parentId
        from t_category
        where cateid = #{cateId}
    </select>
</mapper>