<?xml version="1.0" encoding="utf-8" ?>
<!DOCTYPE mapper PUBLIC "-//mybatis.org//DTD Mapper 3.0//EN" "http://mybatis.org/dtd/mybatis-3-mapper.dtd" >

<mapper namespace="org.mousetailjuice.dao.UserDao">
    <!--注册时选择用户，用于检查用户名是否重复-->
    <select id="registerSelectUser" resultType="org.mousetailjuice.entity.User">
        select userid
        from t_user
        where username = #{username}
    </select>

    <!--插入用户，即用户注册-->
    <insert id="insertUser">
        insert into t_user (username, password, phone)
        values (#{username}, #{password}, #{phone})
    </insert>

    <!--登录时选择用户，用于验证用户名和密码-->
    <select id="LoginSelectUser" resultType="org.mousetailjuice.entity.User">
        select userid
        from t_user
        where username = #{username} and password = #{password}
    </select>

    <!--更新用户的token-->
    <update id="updateToken">
        update t_user
        set token = #{token}
        where username = #{username}
    </update>


</mapper>